<?xml version="1.0" encoding="UTF-8"?>
<!--
 * acl for Sap module
 * @category Zensar
 * @module Zensar_Sap 
 * @author zensar team
 * @created at 17-Nov-2015 11:43 PM IST
 * @modified at 17-Nov-2015 11:43 PM IST
-->
<config>
    <acl>
        <resources>
            <admin>
                <children>
                    <system>
                        <children>
                            <config>
                                <children>
                                    <sap_settings translate="title" module="sap">
                                        <title>SAP settings</title>
                                        <sort_order>10</sort_order>
                                    </sap_settings>
                                </children>
                            </config>
                        </children>
                    </system>
                </children>
            </admin>
        </resources>
    </acl>
</config>